[
{
  "model": "admin.logentry",
  "pk": 1,
  "fields": {
    "action_time": "2024-08-28T12:40:58.221Z",
    "user": "e8ac06d5-2543-4e8c-9347-f4e1b64789b9",
    "content_type": 7,
    "object_id": "e8ac06d5-2543-4e8c-9347-f4e1b64789b9",
    "object_repr": "Praise Idowu",
    "action_flag": 2,
    "change_message": "[{\"changed\": {\"fields\": [\"Is email verified\"]}}]"
  }
},
{
  "model": "admin.logentry",
  "pk": 2,
  "fields": {
    "action_time": "2024-08-28T12:43:52.732Z",
    "user": "e8ac06d5-2543-4e8c-9347-f4e1b64789b9",
    "content_type": 10,
    "object_id": "36dce175-6014-419d-99e3-2aed56bca1a2",
    "object_repr": "Python",
    "action_flag": 1,
    "change_message": "[{\"added\": {}}]"
  }
},
{
  "model": "admin.logentry",
  "pk": 3,
  "fields": {
    "action_time": "2024-08-28T12:43:56.224Z",
    "user": "e8ac06d5-2543-4e8c-9347-f4e1b64789b9",
    "content_type": 11,
    "object_id": "a478b6c7-b7bb-45b1-b176-ba14e0222a38",
    "object_repr": "Portfolio Landing Page for a Coding Mentor",
    "action_flag": 1,
    "change_message": "[{\"added\": {}}]"
  }
},
{
  "model": "admin.logentry",
  "pk": 4,
  "fields": {
    "action_time": "2024-08-28T12:44:43.972Z",
    "user": "e8ac06d5-2543-4e8c-9347-f4e1b64789b9",
    "content_type": 13,
    "object_id": "7d45c593-128a-41da-9f58-41d40666ad17",
    "object_repr": "Comment by Praise Idowu on Portfolio Landing Page for a Coding Mentor",
    "action_flag": 1,
    "change_message": "[{\"added\": {}}]"
  }
},
{
  "model": "admin.logentry",
  "pk": 5,
  "fields": {
    "action_time": "2024-08-28T12:45:07.607Z",
    "user": "e8ac06d5-2543-4e8c-9347-f4e1b64789b9",
    "content_type": 13,
    "object_id": "b2bb830e-0243-435d-ab4a-68cf9e5d724a",
    "object_repr": "Comment by Praise Idowu on Portfolio Landing Page for a Coding Mentor",
    "action_flag": 1,
    "change_message": "[{\"added\": {}}]"
  }
},
{
  "model": "admin.logentry",
  "pk": 6,
  "fields": {
    "action_time": "2024-08-28T13:19:31.151Z",
    "user": "e8ac06d5-2543-4e8c-9347-f4e1b64789b9",
    "content_type": 13,
    "object_id": "7d45c593-128a-41da-9f58-41d40666ad17",
    "object_repr": "Comment by Praise Idowu on Portfolio Landing Page for a Coding Mentor",
    "action_flag": 3,
    "change_message": ""
  }
},
{
  "model": "admin.logentry",
  "pk": 7,
  "fields": {
    "action_time": "2024-08-28T13:19:31.159Z",
    "user": "e8ac06d5-2543-4e8c-9347-f4e1b64789b9",
    "content_type": 13,
    "object_id": "b2bb830e-0243-435d-ab4a-68cf9e5d724a",
    "object_repr": "Comment by Praise Idowu on Portfolio Landing Page for a Coding Mentor",
    "action_flag": 3,
    "change_message": ""
  }
},
{
  "model": "admin.logentry",
  "pk": 8,
  "fields": {
    "action_time": "2024-08-28T13:44:36.508Z",
    "user": "e8ac06d5-2543-4e8c-9347-f4e1b64789b9",
    "content_type": 11,
    "object_id": "a478b6c7-b7bb-45b1-b176-ba14e0222a38",
    "object_repr": "Portfolio Landing Page for a Coding Mentor",
    "action_flag": 3,
    "change_message": ""
  }
},
{
  "model": "admin.logentry",
  "pk": 9,
  "fields": {
    "action_time": "2024-08-29T14:04:32.473Z",
    "user": "e8ac06d5-2543-4e8c-9347-f4e1b64789b9",
    "content_type": 11,
    "object_id": "415f1ac8-c09b-40f7-af1b-c42ad9653ddb",
    "object_repr": "Portfolio Landing Page for a Coding Mentor",
    "action_flag": 1,
    "change_message": "[{\"added\": {}}]"
  }
},
{
  "model": "admin.logentry",
  "pk": 10,
  "fields": {
    "action_time": "2024-08-29T14:52:32.057Z",
    "user": "e8ac06d5-2543-4e8c-9347-f4e1b64789b9",
    "content_type": 11,
    "object_id": "415f1ac8-c09b-40f7-af1b-c42ad9653ddb",
    "object_repr": "Portfolio Landing Page for a Coding Mentor",
    "action_flag": 2,
    "change_message": "[{\"changed\": {\"fields\": [\"Source link\"]}}]"
  }
},
{
  "model": "admin.logentry",
  "pk": 11,
  "fields": {
    "action_time": "2024-08-29T15:31:44.699Z",
    "user": "e8ac06d5-2543-4e8c-9347-f4e1b64789b9",
    "content_type": 7,
    "object_id": "545330d2-819f-4666-9f96-006f2def87c8",
    "object_repr": "Queen David",
    "action_flag": 1,
    "change_message": "[{\"added\": {}}]"
  }
},
{
  "model": "admin.logentry",
  "pk": 12,
  "fields": {
    "action_time": "2024-08-29T15:31:59.646Z",
    "user": "e8ac06d5-2543-4e8c-9347-f4e1b64789b9",
    "content_type": 7,
    "object_id": "545330d2-819f-4666-9f96-006f2def87c8",
    "object_repr": "Queen David",
    "action_flag": 2,
    "change_message": "[{\"changed\": {\"fields\": [\"Is email verified\"]}}]"
  }
},
{
  "model": "admin.logentry",
  "pk": 13,
  "fields": {
    "action_time": "2024-08-29T15:32:41.463Z",
    "user": "e8ac06d5-2543-4e8c-9347-f4e1b64789b9",
    "content_type": 14,
    "object_id": "0349a413-d7c8-4815-8df2-98fc1293a35d",
    "object_repr": "up",
    "action_flag": 1,
    "change_message": "[{\"added\": {}}]"
  }
},
{
  "model": "admin.logentry",
  "pk": 14,
  "fields": {
    "action_time": "2024-08-29T16:35:37.772Z",
    "user": "e8ac06d5-2543-4e8c-9347-f4e1b64789b9",
    "content_type": 7,
    "object_id": "545330d2-819f-4666-9f96-006f2def87c8",
    "object_repr": "Queen David",
    "action_flag": 2,
    "change_message": "[{\"changed\": {\"fields\": [\"Photo\"]}}]"
  }
},
{
  "model": "admin.logentry",
  "pk": 15,
  "fields": {
    "action_time": "2024-08-30T18:14:49.309Z",
    "user": "e8ac06d5-2543-4e8c-9347-f4e1b64789b9",
    "content_type": 9,
    "object_id": "87936af1-95b9-41d3-ac45-182293fefdc5",
    "object_repr": "Python",
    "action_flag": 1,
    "change_message": "[{\"added\": {}}]"
  }
},
{
  "model": "admin.logentry",
  "pk": 16,
  "fields": {
    "action_time": "2024-08-30T18:15:01.787Z",
    "user": "e8ac06d5-2543-4e8c-9347-f4e1b64789b9",
    "content_type": 9,
    "object_id": "41397fab-f6ab-4059-9da3-5dd54e89b0e7",
    "object_repr": "React",
    "action_flag": 1,
    "change_message": "[{\"added\": {}}]"
  }
},
{
  "model": "admin.logentry",
  "pk": 17,
  "fields": {
    "action_time": "2024-08-30T18:16:08.552Z",
    "user": "e8ac06d5-2543-4e8c-9347-f4e1b64789b9",
    "content_type": 8,
    "object_id": "8dc715a4-387e-4905-862a-0783e6920d75",
    "object_repr": "Praise Idowu",
    "action_flag": 2,
    "change_message": "[{\"changed\": {\"fields\": [\"Short intro\"]}}]"
  }
},
{
  "model": "admin.logentry",
  "pk": 18,
  "fields": {
    "action_time": "2024-08-30T20:56:05.124Z",
    "user": "e8ac06d5-2543-4e8c-9347-f4e1b64789b9",
    "content_type": 11,
    "object_id": "415f1ac8-c09b-40f7-af1b-c42ad9653ddb",
    "object_repr": "Portfolio Landing Page for a Coding Mentor",
    "action_flag": 2,
    "change_message": "[{\"changed\": {\"fields\": [\"Tags\"]}}]"
  }
},
{
  "model": "admin.logentry",
  "pk": 19,
  "fields": {
    "action_time": "2024-09-01T19:16:30.802Z",
    "user": "e8ac06d5-2543-4e8c-9347-f4e1b64789b9",
    "content_type": 7,
    "object_id": "545330d2-819f-4666-9f96-006f2def87c8",
    "object_repr": "Queen David",
    "action_flag": 2,
    "change_message": "[{\"changed\": {\"fields\": [\"Photo\"]}}]"
  }
},
{
  "model": "admin.logentry",
  "pk": 20,
  "fields": {
    "action_time": "2024-09-01T19:26:06.629Z",
    "user": "e8ac06d5-2543-4e8c-9347-f4e1b64789b9",
    "content_type": 8,
    "object_id": "ff868347-aa48-40ef-ae38-6fd396870093",
    "object_repr": "Queen David",
    "action_flag": 2,
    "change_message": "[{\"changed\": {\"fields\": [\"Photo\"]}}]"
  }
},
{
  "model": "admin.logentry",
  "pk": 21,
  "fields": {
    "action_time": "2024-09-01T21:44:12.568Z",
    "user": "e8ac06d5-2543-4e8c-9347-f4e1b64789b9",
    "content_type": 11,
    "object_id": "3993f020-dcab-46e7-ade9-95fed2223c15",
    "object_repr": "Another Landing Page",
    "action_flag": 1,
    "change_message": "[{\"added\": {}}]"
  }
},
{
  "model": "admin.logentry",
  "pk": 22,
  "fields": {
    "action_time": "2024-09-01T21:48:52.984Z",
    "user": "e8ac06d5-2543-4e8c-9347-f4e1b64789b9",
    "content_type": 11,
    "object_id": "3993f020-dcab-46e7-ade9-95fed2223c15",
    "object_repr": "Another Landing Page",
    "action_flag": 2,
    "change_message": "[{\"changed\": {\"fields\": [\"Description\"]}}]"
  }
},
{
  "model": "admin.logentry",
  "pk": 23,
  "fields": {
    "action_time": "2024-09-01T21:51:09.965Z",
    "user": "e8ac06d5-2543-4e8c-9347-f4e1b64789b9",
    "content_type": 11,
    "object_id": "415f1ac8-c09b-40f7-af1b-c42ad9653ddb",
    "object_repr": "Portfolio Landing Page for a Coding Mentor",
    "action_flag": 2,
    "change_message": "[{\"changed\": {\"fields\": [\"Tags\"]}}]"
  }
},
{
  "model": "admin.logentry",
  "pk": 24,
  "fields": {
    "action_time": "2024-09-02T21:20:38.672Z",
    "user": "e8ac06d5-2543-4e8c-9347-f4e1b64789b9",
    "content_type": 7,
    "object_id": "57fcd4e9-db40-4b90-a110-7aff3731259e",
    "object_repr": "Joseph Lator",
    "action_flag": 1,
    "change_message": "[{\"added\": {}}]"
  }
},
{
  "model": "admin.logentry",
  "pk": 25,
  "fields": {
    "action_time": "2024-09-02T21:21:13.404Z",
    "user": "e8ac06d5-2543-4e8c-9347-f4e1b64789b9",
    "content_type": 7,
    "object_id": "37a15531-26e9-46d2-bcbc-413fd28592b4",
    "object_repr": "Odunayo Ajayi",
    "action_flag": 1,
    "change_message": "[{\"added\": {}}]"
  }
},
{
  "model": "admin.logentry",
  "pk": 26,
  "fields": {
    "action_time": "2024-09-02T21:21:30.096Z",
    "user": "e8ac06d5-2543-4e8c-9347-f4e1b64789b9",
    "content_type": 7,
    "object_id": "37a15531-26e9-46d2-bcbc-413fd28592b4",
    "object_repr": "Odunayo Ajayi",
    "action_flag": 2,
    "change_message": "[{\"changed\": {\"fields\": [\"Is email verified\"]}}]"
  }
},
{
  "model": "admin.logentry",
  "pk": 27,
  "fields": {
    "action_time": "2024-09-02T21:21:44.073Z",
    "user": "e8ac06d5-2543-4e8c-9347-f4e1b64789b9",
    "content_type": 7,
    "object_id": "57fcd4e9-db40-4b90-a110-7aff3731259e",
    "object_repr": "Joseph Lator",
    "action_flag": 2,
    "change_message": "[{\"changed\": {\"fields\": [\"Is email verified\"]}}]"
  }
},
{
  "model": "admin.logentry",
  "pk": 28,
  "fields": {
    "action_time": "2024-09-03T12:08:19.113Z",
    "user": "e8ac06d5-2543-4e8c-9347-f4e1b64789b9",
    "content_type": 11,
    "object_id": "6f5c5f4e-897d-4d5d-9d59-1c9d35e4f6a4",
    "object_repr": "My Django Project",
    "action_flag": 2,
    "change_message": "[{\"changed\": {\"fields\": [\"Featured image\"]}}]"
  }
},
{
  "model": "admin.logentry",
  "pk": 29,
  "fields": {
    "action_time": "2024-09-03T13:22:10.155Z",
    "user": "e8ac06d5-2543-4e8c-9347-f4e1b64789b9",
    "content_type": 7,
    "object_id": "37a15531-26e9-46d2-bcbc-413fd28592b4",
    "object_repr": "Odunayo Ajayi",
    "action_flag": 2,
    "change_message": "[{\"changed\": {\"fields\": [\"Last login\"]}}]"
  }
},
{
  "model": "admin.logentry",
  "pk": 30,
  "fields": {
    "action_time": "2024-09-03T14:05:45.702Z",
    "user": "e8ac06d5-2543-4e8c-9347-f4e1b64789b9",
    "content_type": 15,
    "object_id": "a5efce06-ffa9-4895-9425-318e4e31d777",
    "object_repr": "Collaboration on project",
    "action_flag": 1,
    "change_message": "[{\"added\": {}}]"
  }
},
{
  "model": "admin.logentry",
  "pk": 31,
  "fields": {
    "action_time": "2024-09-04T14:37:30.071Z",
    "user": "e8ac06d5-2543-4e8c-9347-f4e1b64789b9",
    "content_type": 15,
    "object_id": "22cfab1f-0616-44f0-a4c6-42616305a746",
    "object_repr": "Request for design files",
    "action_flag": 1,
    "change_message": "[{\"added\": {}}]"
  }
},
{
  "model": "admin.logentry",
  "pk": 32,
  "fields": {
    "action_time": "2024-09-05T13:28:06.387Z",
    "user": "e8ac06d5-2543-4e8c-9347-f4e1b64789b9",
    "content_type": 9,
    "object_id": "87936af1-95b9-41d3-ac45-182293fefdc5",
    "object_repr": "Python",
    "action_flag": 2,
    "change_message": "[{\"changed\": {\"fields\": [\"Description\"]}}]"
  }
},
{
  "model": "admin.logentry",
  "pk": 33,
  "fields": {
    "action_time": "2024-09-05T22:41:40.746Z",
    "user": "e8ac06d5-2543-4e8c-9347-f4e1b64789b9",
    "content_type": 15,
    "object_id": "ca86ecaa-cee7-45eb-a52a-453467f60413",
    "object_repr": "Request for language files",
    "action_flag": 1,
    "change_message": "[{\"added\": {}}]"
  }
},
{
  "model": "admin.logentry",
  "pk": 34,
  "fields": {
    "action_time": "2024-09-06T15:20:08.904Z",
    "user": "e8ac06d5-2543-4e8c-9347-f4e1b64789b9",
    "content_type": 14,
    "object_id": "903b7aee-fe7b-44d2-9baa-d9e1b95c74fc",
    "object_repr": "down",
    "action_flag": 3,
    "change_message": ""
  }
},
{
  "model": "admin.logentry",
  "pk": 35,
  "fields": {
    "action_time": "2024-09-06T15:22:09.080Z",
    "user": "e8ac06d5-2543-4e8c-9347-f4e1b64789b9",
    "content_type": 14,
    "object_id": "51546efb-bcab-4311-9045-f86949a0a3f3",
    "object_repr": "down",
    "action_flag": 3,
    "change_message": ""
  }
},
{
  "model": "admin.logentry",
  "pk": 36,
  "fields": {
    "action_time": "2024-09-08T16:35:47.346Z",
    "user": "e8ac06d5-2543-4e8c-9347-f4e1b64789b9",
    "content_type": 16,
    "object_id": "1",
    "object_repr": "redis",
    "action_flag": 1,
    "change_message": "[{\"added\": {}}]"
  }
},
{
  "model": "admin.logentry",
  "pk": 37,
  "fields": {
    "action_time": "2024-09-08T23:29:00.190Z",
    "user": "e8ac06d5-2543-4e8c-9347-f4e1b64789b9",
    "content_type": 9,
    "object_id": "0f931be9-881b-459c-8f45-4ee7d4511d8f",
    "object_repr": "React",
    "action_flag": 1,
    "change_message": "[{\"added\": {}}]"
  }
},
{
  "model": "auth.permission",
  "pk": 1,
  "fields": {
    "name": "Can add log entry",
    "content_type": 1,
    "codename": "add_logentry"
  }
},
{
  "model": "auth.permission",
  "pk": 2,
  "fields": {
    "name": "Can change log entry",
    "content_type": 1,
    "codename": "change_logentry"
  }
},
{
  "model": "auth.permission",
  "pk": 3,
  "fields": {
    "name": "Can delete log entry",
    "content_type": 1,
    "codename": "delete_logentry"
  }
},
{
  "model": "auth.permission",
  "pk": 4,
  "fields": {
    "name": "Can view log entry",
    "content_type": 1,
    "codename": "view_logentry"
  }
},
{
  "model": "auth.permission",
  "pk": 5,
  "fields": {
    "name": "Can add permission",
    "content_type": 2,
    "codename": "add_permission"
  }
},
{
  "model": "auth.permission",
  "pk": 6,
  "fields": {
    "name": "Can change permission",
    "content_type": 2,
    "codename": "change_permission"
  }
},
{
  "model": "auth.permission",
  "pk": 7,
  "fields": {
    "name": "Can delete permission",
    "content_type": 2,
    "codename": "delete_permission"
  }
},
{
  "model": "auth.permission",
  "pk": 8,
  "fields": {
    "name": "Can view permission",
    "content_type": 2,
    "codename": "view_permission"
  }
},
{
  "model": "auth.permission",
  "pk": 9,
  "fields": {
    "name": "Can add group",
    "content_type": 3,
    "codename": "add_group"
  }
},
{
  "model": "auth.permission",
  "pk": 10,
  "fields": {
    "name": "Can change group",
    "content_type": 3,
    "codename": "change_group"
  }
},
{
  "model": "auth.permission",
  "pk": 11,
  "fields": {
    "name": "Can delete group",
    "content_type": 3,
    "codename": "delete_group"
  }
},
{
  "model": "auth.permission",
  "pk": 12,
  "fields": {
    "name": "Can view group",
    "content_type": 3,
    "codename": "view_group"
  }
},
{
  "model": "auth.permission",
  "pk": 13,
  "fields": {
    "name": "Can add content type",
    "content_type": 4,
    "codename": "add_contenttype"
  }
},
{
  "model": "auth.permission",
  "pk": 14,
  "fields": {
    "name": "Can change content type",
    "content_type": 4,
    "codename": "change_contenttype"
  }
},
{
  "model": "auth.permission",
  "pk": 15,
  "fields": {
    "name": "Can delete content type",
    "content_type": 4,
    "codename": "delete_contenttype"
  }
},
{
  "model": "auth.permission",
  "pk": 16,
  "fields": {
    "name": "Can view content type",
    "content_type": 4,
    "codename": "view_contenttype"
  }
},
{
  "model": "auth.permission",
  "pk": 17,
  "fields": {
    "name": "Can add session",
    "content_type": 5,
    "codename": "add_session"
  }
},
{
  "model": "auth.permission",
  "pk": 18,
  "fields": {
    "name": "Can change session",
    "content_type": 5,
    "codename": "change_session"
  }
},
{
  "model": "auth.permission",
  "pk": 19,
  "fields": {
    "name": "Can delete session",
    "content_type": 5,
    "codename": "delete_session"
  }
},
{
  "model": "auth.permission",
  "pk": 20,
  "fields": {
    "name": "Can view session",
    "content_type": 5,
    "codename": "view_session"
  }
},
{
  "model": "auth.permission",
  "pk": 21,
  "fields": {
    "name": "Can add site",
    "content_type": 6,
    "codename": "add_site"
  }
},
{
  "model": "auth.permission",
  "pk": 22,
  "fields": {
    "name": "Can change site",
    "content_type": 6,
    "codename": "change_site"
  }
},
{
  "model": "auth.permission",
  "pk": 23,
  "fields": {
    "name": "Can delete site",
    "content_type": 6,
    "codename": "delete_site"
  }
},
{
  "model": "auth.permission",
  "pk": 24,
  "fields": {
    "name": "Can view site",
    "content_type": 6,
    "codename": "view_site"
  }
},
{
  "model": "auth.permission",
  "pk": 25,
  "fields": {
    "name": "Can add user",
    "content_type": 7,
    "codename": "add_user"
  }
},
{
  "model": "auth.permission",
  "pk": 26,
  "fields": {
    "name": "Can change user",
    "content_type": 7,
    "codename": "change_user"
  }
},
{
  "model": "auth.permission",
  "pk": 27,
  "fields": {
    "name": "Can delete user",
    "content_type": 7,
    "codename": "delete_user"
  }
},
{
  "model": "auth.permission",
  "pk": 28,
  "fields": {
    "name": "Can view user",
    "content_type": 7,
    "codename": "view_user"
  }
},
{
  "model": "auth.permission",
  "pk": 29,
  "fields": {
    "name": "Can add profile",
    "content_type": 8,
    "codename": "add_profile"
  }
},
{
  "model": "auth.permission",
  "pk": 30,
  "fields": {
    "name": "Can change profile",
    "content_type": 8,
    "codename": "change_profile"
  }
},
{
  "model": "auth.permission",
  "pk": 31,
  "fields": {
    "name": "Can delete profile",
    "content_type": 8,
    "codename": "delete_profile"
  }
},
{
  "model": "auth.permission",
  "pk": 32,
  "fields": {
    "name": "Can view profile",
    "content_type": 8,
    "codename": "view_profile"
  }
},
{
  "model": "auth.permission",
  "pk": 33,
  "fields": {
    "name": "Can add skill",
    "content_type": 9,
    "codename": "add_skill"
  }
},
{
  "model": "auth.permission",
  "pk": 34,
  "fields": {
    "name": "Can change skill",
    "content_type": 9,
    "codename": "change_skill"
  }
},
{
  "model": "auth.permission",
  "pk": 35,
  "fields": {
    "name": "Can delete skill",
    "content_type": 9,
    "codename": "delete_skill"
  }
},
{
  "model": "auth.permission",
  "pk": 36,
  "fields": {
    "name": "Can view skill",
    "content_type": 9,
    "codename": "view_skill"
  }
},
{
  "model": "auth.permission",
  "pk": 37,
  "fields": {
    "name": "Can add tag",
    "content_type": 10,
    "codename": "add_tag"
  }
},
{
  "model": "auth.permission",
  "pk": 38,
  "fields": {
    "name": "Can change tag",
    "content_type": 10,
    "codename": "change_tag"
  }
},
{
  "model": "auth.permission",
  "pk": 39,
  "fields": {
    "name": "Can delete tag",
    "content_type": 10,
    "codename": "delete_tag"
  }
},
{
  "model": "auth.permission",
  "pk": 40,
  "fields": {
    "name": "Can view tag",
    "content_type": 10,
    "codename": "view_tag"
  }
},
{
  "model": "auth.permission",
  "pk": 41,
  "fields": {
    "name": "Can add project",
    "content_type": 11,
    "codename": "add_project"
  }
},
{
  "model": "auth.permission",
  "pk": 42,
  "fields": {
    "name": "Can change project",
    "content_type": 11,
    "codename": "change_project"
  }
},
{
  "model": "auth.permission",
  "pk": 43,
  "fields": {
    "name": "Can delete project",
    "content_type": 11,
    "codename": "delete_project"
  }
},
{
  "model": "auth.permission",
  "pk": 44,
  "fields": {
    "name": "Can view project",
    "content_type": 11,
    "codename": "view_project"
  }
},
{
  "model": "auth.permission",
  "pk": 45,
  "fields": {
    "name": "Can add feedback",
    "content_type": 12,
    "codename": "add_feedback"
  }
},
{
  "model": "auth.permission",
  "pk": 46,
  "fields": {
    "name": "Can change feedback",
    "content_type": 12,
    "codename": "change_feedback"
  }
},
{
  "model": "auth.permission",
  "pk": 47,
  "fields": {
    "name": "Can delete feedback",
    "content_type": 12,
    "codename": "delete_feedback"
  }
},
{
  "model": "auth.permission",
  "pk": 48,
  "fields": {
    "name": "Can view feedback",
    "content_type": 12,
    "codename": "view_feedback"
  }
},
{
  "model": "auth.permission",
  "pk": 49,
  "fields": {
    "name": "Can add comment",
    "content_type": 13,
    "codename": "add_comment"
  }
},
{
  "model": "auth.permission",
  "pk": 50,
  "fields": {
    "name": "Can change comment",
    "content_type": 13,
    "codename": "change_comment"
  }
},
{
  "model": "auth.permission",
  "pk": 51,
  "fields": {
    "name": "Can delete comment",
    "content_type": 13,
    "codename": "delete_comment"
  }
},
{
  "model": "auth.permission",
  "pk": 52,
  "fields": {
    "name": "Can view comment",
    "content_type": 13,
    "codename": "view_comment"
  }
},
{
  "model": "auth.permission",
  "pk": 53,
  "fields": {
    "name": "Can add review",
    "content_type": 14,
    "codename": "add_review"
  }
},
{
  "model": "auth.permission",
  "pk": 54,
  "fields": {
    "name": "Can change review",
    "content_type": 14,
    "codename": "change_review"
  }
},
{
  "model": "auth.permission",
  "pk": 55,
  "fields": {
    "name": "Can delete review",
    "content_type": 14,
    "codename": "delete_review"
  }
},
{
  "model": "auth.permission",
  "pk": 56,
  "fields": {
    "name": "Can view review",
    "content_type": 14,
    "codename": "view_review"
  }
},
{
  "model": "auth.permission",
  "pk": 57,
  "fields": {
    "name": "Can add message",
    "content_type": 15,
    "codename": "add_message"
  }
},
{
  "model": "auth.permission",
  "pk": 58,
  "fields": {
    "name": "Can change message",
    "content_type": 15,
    "codename": "change_message"
  }
},
{
  "model": "auth.permission",
  "pk": 59,
  "fields": {
    "name": "Can delete message",
    "content_type": 15,
    "codename": "delete_message"
  }
},
{
  "model": "auth.permission",
  "pk": 60,
  "fields": {
    "name": "Can view message",
    "content_type": 15,
    "codename": "view_message"
  }
},
{
  "model": "auth.permission",
  "pk": 61,
  "fields": {
    "name": "Can add Redis Server",
    "content_type": 16,
    "codename": "add_redisserver"
  }
},
{
  "model": "auth.permission",
  "pk": 62,
  "fields": {
    "name": "Can change Redis Server",
    "content_type": 16,
    "codename": "change_redisserver"
  }
},
{
  "model": "auth.permission",
  "pk": 63,
  "fields": {
    "name": "Can delete Redis Server",
    "content_type": 16,
    "codename": "delete_redisserver"
  }
},
{
  "model": "auth.permission",
  "pk": 64,
  "fields": {
    "name": "Can view Redis Server",
    "content_type": 16,
    "codename": "view_redisserver"
  }
},
{
  "model": "auth.permission",
  "pk": 65,
  "fields": {
    "name": "Can inspect redis servers",
    "content_type": 16,
    "codename": "can_inspect"
  }
},
{
  "model": "contenttypes.contenttype",
  "pk": 1,
  "fields": {
    "app_label": "admin",
    "model": "logentry"
  }
},
{
  "model": "contenttypes.contenttype",
  "pk": 2,
  "fields": {
    "app_label": "auth",
    "model": "permission"
  }
},
{
  "model": "contenttypes.contenttype",
  "pk": 3,
  "fields": {
    "app_label": "auth",
    "model": "group"
  }
},
{
  "model": "contenttypes.contenttype",
  "pk": 4,
  "fields": {
    "app_label": "contenttypes",
    "model": "contenttype"
  }
},
{
  "model": "contenttypes.contenttype",
  "pk": 5,
  "fields": {
    "app_label": "sessions",
    "model": "session"
  }
},
{
  "model": "contenttypes.contenttype",
  "pk": 6,
  "fields": {
    "app_label": "sites",
    "model": "site"
  }
},
{
  "model": "contenttypes.contenttype",
  "pk": 7,
  "fields": {
    "app_label": "accounts",
    "model": "user"
  }
},
{
  "model": "contenttypes.contenttype",
  "pk": 8,
  "fields": {
    "app_label": "profiles",
    "model": "profile"
  }
},
{
  "model": "contenttypes.contenttype",
  "pk": 9,
  "fields": {
    "app_label": "profiles",
    "model": "skill"
  }
},
{
  "model": "contenttypes.contenttype",
  "pk": 10,
  "fields": {
    "app_label": "projects",
    "model": "tag"
  }
},
{
  "model": "contenttypes.contenttype",
  "pk": 11,
  "fields": {
    "app_label": "projects",
    "model": "project"
  }
},
{
  "model": "contenttypes.contenttype",
  "pk": 12,
  "fields": {
    "app_label": "projects",
    "model": "feedback"
  }
},
{
  "model": "contenttypes.contenttype",
  "pk": 13,
  "fields": {
    "app_label": "projects",
    "model": "comment"
  }
},
{
  "model": "contenttypes.contenttype",
  "pk": 14,
  "fields": {
    "app_label": "projects",
    "model": "review"
  }
},
{
  "model": "contenttypes.contenttype",
  "pk": 15,
  "fields": {
    "app_label": "messaging",
    "model": "message"
  }
},
{
  "model": "contenttypes.contenttype",
  "pk": 16,
  "fields": {
    "app_label": "redisboard",
    "model": "redisserver"
  }
},
{
  "model": "sessions.session",
  "pk": "t70skp9wo928azbgb8v8ukvwflzxyzyb",
  "fields": {
    "session_data": ".eJxVzDsOwjAQRdG9uMaW__ZQ0rOGaDwekwBKpHwqxN4hUgqo3z3vJTrc1r7bFp67oYqz4IykYw3SBu-k50wSnE-yeTYl-pShgDj9soL04HG39Y7jbVI0jes8FLUn6lgXdZ0qPy9H-3fQ49J_NfrgyIZIjTQyGQexYjMZuJpkMCRXs2VwmJltCVk3aIYs2NKIfNDi_QHZ60Fc:1sne1B:t00ZMa9na07oEVIKkmae4cKKZgUguOuhqClV0AWTwOE",
    "expire_date": "2024-09-23T13:01:21.291Z"
  }
},
{
  "model": "sites.site",
  "pk": 1,
  "fields": {
    "domain": "example.com",
    "name": "example.com"
  }
},
{
  "model": "redisboard.redisserver",
  "pk": 1,
  "fields": {
    "label": "redis",
    "url": "redis://localhost:6379/0",
    "password": null
  }
},
{
  "model": "accounts.user",
  "pk": "37a15531-26e9-46d2-bcbc-413fd28592b4",
  "fields": {
    "password": "pbkdf2_sha256$870000$BnHi5xHo0V5MhLs6E4IULC$bgonRd9OR5ncR9sMi4OfyOCHfWxzWfe0gb8pBk8/RY8=",
    "last_login": "2024-09-03T13:22:04Z",
    "first_name": "Odunayo",
    "last_name": "Ajayi",
    "username": "odunayo-ajayi",
    "email": "odun@yahoo.com",
    "is_staff": false,
    "is_active": true,
    "is_superuser": false,
    "is_email_verified": true,
    "created_at": "2024-09-02T21:21:13.397Z",
    "updated_at": "2024-09-03T13:22:10.139Z",
    "groups": [],
    "user_permissions": []
  }
},
{
  "model": "accounts.user",
  "pk": "545330d2-819f-4666-9f96-006f2def87c8",
  "fields": {
    "password": "pbkdf2_sha256$870000$Fhk0OcU6O3dCPW8dfbbBI2$9QXKrXBgtVW2TJi+w/215xozsHiZCPg5g/HAzs3iDmQ=",
    "last_login": null,
    "first_name": "Queen",
    "last_name": "David",
    "username": "queen-david",
    "email": "queen@gmail.com",
    "is_staff": false,
    "is_active": true,
    "is_superuser": false,
    "is_email_verified": true,
    "created_at": "2024-08-29T15:31:44.688Z",
    "updated_at": "2024-09-01T19:16:30.790Z",
    "groups": [],
    "user_permissions": []
  }
},
{
  "model": "accounts.user",
  "pk": "57fcd4e9-db40-4b90-a110-7aff3731259e",
  "fields": {
    "password": "pbkdf2_sha256$870000$q1L1iTIrvx80LIvEIZul9r$TkcRZygQmhjleiyq90m+saSIdHeRhN/3AtXQHFniNrM=",
    "last_login": null,
    "first_name": "Joseph",
    "last_name": "Lator",
    "username": "joseph-lator",
    "email": "joseph@gmail.com",
    "is_staff": false,
    "is_active": true,
    "is_superuser": false,
    "is_email_verified": true,
    "created_at": "2024-09-02T21:20:38.659Z",
    "updated_at": "2024-09-02T21:21:44.065Z",
    "groups": [],
    "user_permissions": []
  }
},
{
  "model": "accounts.user",
  "pk": "e8ac06d5-2543-4e8c-9347-f4e1b64789b9",
  "fields": {
    "password": "pbkdf2_sha256$870000$hsu5bXFQrhz57AUjsKD7SN$s8wN9ytymRkHoVoG7Y88PRE/T0CVpQYQdND0cFBsMxs=",
    "last_login": "2024-09-09T12:50:56.131Z",
    "first_name": "Praise",
    "last_name": "Idowu",
    "username": "praise-idowu",
    "email": "admin@gmail.com",
    "is_staff": true,
    "is_active": true,
    "is_superuser": true,
    "is_email_verified": true,
    "created_at": "2024-08-28T12:40:36.790Z",
    "updated_at": "2024-09-09T12:58:41.059Z",
    "groups": [],
    "user_permissions": []
  }
},
{
  "model": "messaging.message",
  "pk": "04dbce30-522f-49dd-a766-ea635462c94e",
  "fields": {
    "created": "2024-09-04T18:47:46.943Z",
    "sender": "8dc715a4-387e-4905-862a-0783e6920d75",
    "recipient": "ff868347-aa48-40ef-ae38-6fd396870093",
    "name": "Praise Idowu",
    "email": "admin@gmail.com",
    "subject": "Collaboration on design",
    "body": "I am interested",
    "is_read": false
  }
},
{
  "model": "messaging.message",
  "pk": "22cfab1f-0616-44f0-a4c6-42616305a746",
  "fields": {
    "created": "2024-09-04T14:37:30.063Z",
    "sender": "5085bf8f-9c5a-40c5-976f-ca355a8bbbca",
    "recipient": "8dc715a4-387e-4905-862a-0783e6920d75",
    "name": "",
    "email": "",
    "subject": "Request for design files",
    "body": "I want to request for...",
    "is_read": true
  }
},
{
  "model": "messaging.message",
  "pk": "5ce635f9-e935-4718-8e00-956bf42e3d85",
  "fields": {
    "created": "2024-09-04T18:48:09.978Z",
    "sender": "8dc715a4-387e-4905-862a-0783e6920d75",
    "recipient": "ff868347-aa48-40ef-ae38-6fd396870093",
    "name": "Praise Idowu",
    "email": "admin@gmail.com",
    "subject": "Collaboration on design",
    "body": "I am interested",
    "is_read": false
  }
},
{
  "model": "messaging.message",
  "pk": "a5efce06-ffa9-4895-9425-318e4e31d777",
  "fields": {
    "created": "2024-09-03T14:05:45.684Z",
    "sender": "ff868347-aa48-40ef-ae38-6fd396870093",
    "recipient": "8dc715a4-387e-4905-862a-0783e6920d75",
    "name": "Queen David",
    "email": "queen@gmail.com",
    "subject": "Collaboration on project",
    "body": "Lorem Ipsum fgdkktvc",
    "is_read": true
  }
},
{
  "model": "messaging.message",
  "pk": "c0e9c957-d978-4e91-8169-34377ed65fe0",
  "fields": {
    "created": "2024-09-04T18:46:10.258Z",
    "sender": "8dc715a4-387e-4905-862a-0783e6920d75",
    "recipient": "ff868347-aa48-40ef-ae38-6fd396870093",
    "name": "Praise Idowu",
    "email": "admin@gmail.com",
    "subject": "Collaboration on design",
    "body": "I am interested",
    "is_read": false
  }
},
{
  "model": "messaging.message",
  "pk": "ca86ecaa-cee7-45eb-a52a-453467f60413",
  "fields": {
    "created": "2024-09-05T22:41:40.738Z",
    "sender": "81c78843-dc4d-4728-8ff3-a8307613252e",
    "recipient": "8dc715a4-387e-4905-862a-0783e6920d75",
    "name": "Odunayo",
    "email": "odun@yahoo.com",
    "subject": "Request for language files",
    "body": "I am interested in",
    "is_read": true
  }
},
{
  "model": "profiles.skill",
  "pk": "0f931be9-881b-459c-8f45-4ee7d4511d8f",
  "fields": {
    "created": "2024-09-08T23:29:00.180Z",
    "name": "React",
    "description": "",
    "user": "81c78843-dc4d-4728-8ff3-a8307613252e"
  }
},
{
  "model": "profiles.skill",
  "pk": "288d1ef2-918c-4791-ab34-5908912aa7ca",
  "fields": {
    "created": "2024-09-06T20:29:11.647Z",
    "name": "C++",
    "description": "",
    "user": "8dc715a4-387e-4905-862a-0783e6920d75"
  }
},
{
  "model": "profiles.skill",
  "pk": "41397fab-f6ab-4059-9da3-5dd54e89b0e7",
  "fields": {
    "created": "2024-08-30T18:15:01.785Z",
    "name": "React",
    "description": "",
    "user": "ff868347-aa48-40ef-ae38-6fd396870093"
  }
},
{
  "model": "profiles.skill",
  "pk": "87936af1-95b9-41d3-ac45-182293fefdc5",
  "fields": {
    "created": "2024-08-30T18:14:49.301Z",
    "name": "Python",
    "description": "Lorem is coming. Lorem ipsum dolor sit amet consectetur adipisicing elit. Hic voluptates earum possimus a perferendis culpa omnis, libero quae soluta, obcaecati amet. Quam earum ad qui reprehenderit eligendi porro ab possimus fugit voluptatem rerum eius sapiente, nemo mollitia aperiam suscipit culpa corrupti officiis dicta soluta ut similique! Iste soluta quae tempora alias assumenda?",
    "user": "8dc715a4-387e-4905-862a-0783e6920d75"
  }
},
{
  "model": "profiles.skill",
  "pk": "ba92f8eb-edb1-44ed-af3b-addcf79eed32",
  "fields": {
    "created": "2024-09-08T16:40:29.247Z",
    "name": "C#",
    "description": "",
    "user": "8dc715a4-387e-4905-862a-0783e6920d75"
  }
},
{
  "model": "profiles.skill",
  "pk": "beaa9f10-4193-4bb8-9678-0791919b2172",
  "fields": {
    "created": "2024-09-06T20:33:45.054Z",
    "name": ".NET",
    "description": "",
    "user": "8dc715a4-387e-4905-862a-0783e6920d75"
  }
},
{
  "model": "profiles.skill",
  "pk": "fa829498-e85f-4a55-bc3f-b373014b4799",
  "fields": {
    "created": "2024-09-06T20:28:00.560Z",
    "name": "C",
    "description": "",
    "user": "8dc715a4-387e-4905-862a-0783e6920d75"
  }
},
{
  "model": "profiles.profile",
  "pk": "5085bf8f-9c5a-40c5-976f-ca355a8bbbca",
  "fields": {
    "created": "2024-09-02T21:20:38.664Z",
    "user": "57fcd4e9-db40-4b90-a110-7aff3731259e",
    "short_intro": null,
    "bio": "",
    "location": "",
    "photo": "",
    "updated": "2024-09-02T21:20:38.664Z",
    "social_github": "",
    "social_stackoverflow": "",
    "social_twitter": "",
    "social_linkedin": "",
    "social_website": ""
  }
},
{
  "model": "profiles.profile",
  "pk": "81c78843-dc4d-4728-8ff3-a8307613252e",
  "fields": {
    "created": "2024-09-02T21:21:13.401Z",
    "user": "37a15531-26e9-46d2-bcbc-413fd28592b4",
    "short_intro": null,
    "bio": "",
    "location": "",
    "photo": "",
    "updated": "2024-09-02T21:21:13.401Z",
    "social_github": "",
    "social_stackoverflow": "",
    "social_twitter": "",
    "social_linkedin": "",
    "social_website": ""
  }
},
{
  "model": "profiles.profile",
  "pk": "8dc715a4-387e-4905-862a-0783e6920d75",
  "fields": {
    "created": "2024-08-28T12:40:36.796Z",
    "user": "e8ac06d5-2543-4e8c-9347-f4e1b64789b9",
    "short_intro": "Experienced FullStack Developer, Youtuber and Instructor",
    "bio": "Lorem ipsum dolor sit amet consectetur adipisicing elit. Hic voluptates earum possimus a perferendis culpa omnis, libero quae soluta, obcaecati amet. Quam earum ad qui reprehenderit eligendi porro ab possimus fugit voluptatem rerum eius sapiente, nemo mollitia aperiam suscipit culpa corrupti officiis dicta soluta ut similique! Iste soluta quae tempora alias assumenda? Nam nesciunt nihil enim tempore cum quo architecto?",
    "location": "",
    "photo": "",
    "updated": "2024-09-09T12:58:41.067Z",
    "social_github": "",
    "social_stackoverflow": "",
    "social_twitter": "",
    "social_linkedin": "",
    "social_website": ""
  }
},
{
  "model": "profiles.profile",
  "pk": "ff868347-aa48-40ef-ae38-6fd396870093",
  "fields": {
    "created": "2024-08-29T15:31:44.690Z",
    "user": "545330d2-819f-4666-9f96-006f2def87c8",
    "short_intro": null,
    "bio": "",
    "location": "",
    "photo": "media/photos/2024/09/01/Queen_bfwksb",
    "updated": "2024-09-01T19:25:59.311Z",
    "social_github": "",
    "social_stackoverflow": "",
    "social_twitter": "",
    "social_linkedin": "",
    "social_website": ""
  }
},
{
  "model": "projects.tag",
  "pk": "36dce175-6014-419d-99e3-2aed56bca1a2",
  "fields": {
    "created": "2024-08-28T12:43:52.726Z",
    "name": "Python"
  }
},
{
  "model": "projects.tag",
  "pk": "aab85f19-d8e1-4b6b-88a6-7fa999b0efb1",
  "fields": {
    "created": "2024-09-01T12:05:00Z",
    "name": "Python"
  }
},
{
  "model": "projects.tag",
  "pk": "c9bf9e57-1685-4c89-bafb-ff5af830be8a",
  "fields": {
    "created": "2024-09-01T12:00:00Z",
    "name": "Django"
  }
},
{
  "model": "projects.tag",
  "pk": "e7ed92bb-44bf-413f-9ea8-afa89546c9b9",
  "fields": {
    "created": "2024-08-29T17:34:55.927Z",
    "name": "Django"
  }
},
{
  "model": "projects.tag",
  "pk": "fc91c9dd-edf4-4230-a033-5589955ee19f",
  "fields": {
    "created": "2024-08-29T17:35:21.654Z",
    "name": "React"
  }
},
{
  "model": "projects.project",
  "pk": "3993f020-dcab-46e7-ade9-95fed2223c15",
  "fields": {
    "created": "2024-09-01T21:44:12.552Z",
    "title": "Another Landing Page",
    "owner": "ff868347-aa48-40ef-ae38-6fd396870093",
    "featured_image": "",
    "description": "This is another python project python python",
    "source_link": "",
    "demo_link": "",
    "vote_total": 0,
    "vote_ratio": 0,
    "updated": "2024-09-06T13:54:53.764Z",
    "tags": [
      "36dce175-6014-419d-99e3-2aed56bca1a2"
    ]
  }
},
{
  "model": "projects.project",
  "pk": "415f1ac8-c09b-40f7-af1b-c42ad9653ddb",
  "fields": {
    "created": "2024-08-29T14:04:32.439Z",
    "title": "Portfolio Landing Page for a Coding Mentor",
    "owner": "8dc715a4-387e-4905-862a-0783e6920d75",
    "featured_image": "",
    "description": "Lorem ipsum dolor sit amet consectetur adipisicing elit. Minima harum maxime debitis amet voluptates esse a perferendis tempora, natus pariatur obcaecati odit quisquam fugit deserunt.\r\n\r\nLorem ipsum dolor sit amet consectetur adipisicing elit. Hic voluptates earum possimus a perferendis culpa omnis, libero quae soluta, obcaecati amet. Quam earum ad qui reprehenderit eligendi porro ab possimus fugit voluptatem rerum eius sapiente, nemo mollitia aperiam suscipit culpa corrupti officiis dicta soluta ut similique! Iste soluta quae tempora alias assumenda? Nam nesciunt nihil enim tempore cum quo architecto?",
    "source_link": "https://github.com/kayprogrammer/clothing-store/blob/main/clothing_store",
    "demo_link": "",
    "vote_total": 0,
    "vote_ratio": 0,
    "updated": "2024-09-06T13:54:53.764Z",
    "tags": [
      "e7ed92bb-44bf-413f-9ea8-afa89546c9b9"
    ]
  }
},
{
  "model": "projects.project",
  "pk": "5c21b8e3-5f4e-478e-9250-8b3b9eaf92f6",
  "fields": {
    "created": "2024-09-02T10:30:00Z",
    "title": "Gamma Gaming",
    "owner": "5085bf8f-9c5a-40c5-976f-ca355a8bbbca",
    "featured_image": "",
    "description": "A next-gen gaming platform.",
    "source_link": "https://github.com/user/gamma",
    "demo_link": "https://gamma.example.com",
    "vote_total": 30,
    "vote_ratio": 95,
    "updated": "2024-09-06T13:54:53.764Z",
    "tags": [
      "aab85f19-d8e1-4b6b-88a6-7fa999b0efb1",
      "c9bf9e57-1685-4c89-bafb-ff5af830be8a"
    ]
  }
},
{
  "model": "projects.project",
  "pk": "6f5c5f4e-897d-4d5d-9d59-1c9d35e4f6a4",
  "fields": {
    "created": "2024-09-01T12:10:00Z",
    "title": "My Django Project",
    "owner": "81c78843-dc4d-4728-8ff3-a8307613252e",
    "featured_image": "",
    "description": "A project built with Django.",
    "source_link": "https://github.com/user/repo",
    "demo_link": "https://demo.example.com",
    "vote_total": 10,
    "vote_ratio": 80,
    "updated": "2024-09-06T13:54:53.764Z",
    "tags": [
      "aab85f19-d8e1-4b6b-88a6-7fa999b0efb1",
      "c9bf9e57-1685-4c89-bafb-ff5af830be8a"
    ]
  }
},
{
  "model": "projects.project",
  "pk": "a7f8c2e6-40ab-4d17-b83a-35e2d1eaa57e",
  "fields": {
    "created": "2024-09-01T13:00:00Z",
    "title": "Project Alpha",
    "owner": "81c78843-dc4d-4728-8ff3-a8307613252e",
    "featured_image": "",
    "description": "A cutting-edge AI project.",
    "source_link": "https://github.com/user/alpha",
    "demo_link": "https://alpha.example.com",
    "vote_total": 15,
    "vote_ratio": 90,
    "updated": "2024-09-06T13:54:53.764Z",
    "tags": [
      "c9bf9e57-1685-4c89-bafb-ff5af830be8a"
    ]
  }
},
{
  "model": "projects.project",
  "pk": "b9c7e6fd-3d58-4eb7-8be6-7c9e9f5c9e69",
  "fields": {
    "created": "2024-09-04T14:00:00Z",
    "title": "Epsilon E-commerce",
    "owner": "81c78843-dc4d-4728-8ff3-a8307613252e",
    "featured_image": "",
    "description": "A powerful e-commerce platform.",
    "source_link": "https://github.com/user/epsilon",
    "demo_link": "https://epsilon.example.com",
    "vote_total": 2,
    "vote_ratio": 50,
    "updated": "2024-09-06T15:24:08.789Z",
    "tags": [
      "aab85f19-d8e1-4b6b-88a6-7fa999b0efb1"
    ]
  }
},
{
  "model": "projects.project",
  "pk": "cf9b6c13-4af9-4c75-b5e3-05a6de7e1b5f",
  "fields": {
    "created": "2024-09-02T09:00:00Z",
    "title": "Beta Blockchain",
    "owner": "8dc715a4-387e-4905-862a-0783e6920d75",
    "featured_image": "",
    "description": "A secure and scalable blockchain project.",
    "source_link": "https://github.com/user/beta",
    "demo_link": "https://beta.example.com",
    "vote_total": 25,
    "vote_ratio": 85,
    "updated": "2024-09-06T13:54:53.764Z",
    "tags": [
      "aab85f19-d8e1-4b6b-88a6-7fa999b0efb1"
    ]
  }
},
{
  "model": "projects.project",
  "pk": "d6f4e5c7-bf02-49de-8430-6fe5b3495b47",
  "fields": {
    "created": "2024-09-05T12:00:00Z",
    "title": "Zeta Analytics",
    "owner": "8dc715a4-387e-4905-862a-0783e6920d75",
    "featured_image": "",
    "description": "An advanced analytics platform.",
    "source_link": "https://github.com/user/zeta",
    "demo_link": "https://zeta.example.com",
    "vote_total": 22,
    "vote_ratio": 92,
    "updated": "2024-09-06T13:54:53.764Z",
    "tags": [
      "aab85f19-d8e1-4b6b-88a6-7fa999b0efb1",
      "c9bf9e57-1685-4c89-bafb-ff5af830be8a"
    ]
  }
},
{
  "model": "projects.project",
  "pk": "de9c7f7b-f3b2-4f63-beb5-38e3e0f6e9a2",
  "fields": {
    "created": "2024-09-03T11:00:00Z",
    "title": "Delta Design",
    "owner": "ff868347-aa48-40ef-ae38-6fd396870093",
    "featured_image": "",
    "description": "A revolutionary design tool.",
    "source_link": "https://github.com/user/delta",
    "demo_link": "https://delta.example.com",
    "vote_total": 20,
    "vote_ratio": 88,
    "updated": "2024-09-06T13:54:53.764Z",
    "tags": [
      "c9bf9e57-1685-4c89-bafb-ff5af830be8a"
    ]
  }
},
{
  "model": "projects.review",
  "pk": "0349a413-d7c8-4815-8df2-98fc1293a35d",
  "fields": {
    "created": "2024-08-29T15:32:41.456Z",
    "project": "415f1ac8-c09b-40f7-af1b-c42ad9653ddb",
    "reviewer": "ff868347-aa48-40ef-ae38-6fd396870093",
    "value": "up",
    "content": "This is great."
  }
},
{
  "model": "projects.review",
  "pk": "3c154d02-9c5b-4a8b-92d7-b5fcb0277e33",
  "fields": {
    "created": "2024-09-03T09:00:00Z",
    "project": "5c21b8e3-5f4e-478e-9250-8b3b9eaf92f6",
    "reviewer": "8dc715a4-387e-4905-862a-0783e6920d75",
    "value": "up",
    "content": "Best gaming platform I've seen."
  }
},
{
  "model": "projects.review",
  "pk": "4c1d9e6a-6c3b-4a0b-8a6e-7f2e8e9d6e2a",
  "fields": {
    "created": "2024-09-04T15:00:00Z",
    "project": "b9c7e6fd-3d58-4eb7-8be6-7c9e9f5c9e69",
    "reviewer": "ff868347-aa48-40ef-ae38-6fd396870093",
    "value": "up",
    "content": "Highly scalable and user-friendly."
  }
},
{
  "model": "projects.review",
  "pk": "50fff344-b26c-40e2-a4db-9f68e15bf70a",
  "fields": {
    "created": "2024-09-06T15:24:08.728Z",
    "project": "b9c7e6fd-3d58-4eb7-8be6-7c9e9f5c9e69",
    "reviewer": "8dc715a4-387e-4905-862a-0783e6920d75",
    "value": "down",
    "content": "Bad user experience"
  }
},
{
  "model": "projects.review",
  "pk": "b2aef6f2-75cd-4cd5-b8e3-5a01ec4c5e44",
  "fields": {
    "created": "2024-09-02T14:00:00Z",
    "project": "6f5c5f4e-897d-4d5d-9d59-1c9d35e4f6a4",
    "reviewer": "5085bf8f-9c5a-40c5-976f-ca355a8bbbca",
    "value": "up",
    "content": "Great project!"
  }
},
{
  "model": "projects.review",
  "pk": "e5c8fdef-b62a-4148-9c88-b3f2b9fbf4a5",
  "fields": {
    "created": "2024-09-02T10:00:00Z",
    "project": "a7f8c2e6-40ab-4d17-b83a-35e2d1eaa57e",
    "reviewer": "5085bf8f-9c5a-40c5-976f-ca355a8bbbca",
    "value": "up",
    "content": "Impressive AI features!"
  }
},
{
  "model": "projects.review",
  "pk": "e6f7a3b4-d23f-4ad6-9f57-1abf8bde5b27",
  "fields": {
    "created": "2024-09-03T12:00:00Z",
    "project": "de9c7f7b-f3b2-4f63-beb5-38e3e0f6e9a2",
    "reviewer": "81c78843-dc4d-4728-8ff3-a8307613252e",
    "value": "up",
    "content": "A designer's dream tool!"
  }
},
{
  "model": "projects.review",
  "pk": "f56f4e5d-bf02-49de-8430-7ef5b3495c47",
  "fields": {
    "created": "2024-09-03T08:00:00Z",
    "project": "cf9b6c13-4af9-4c75-b5e3-05a6de7e1b5f",
    "reviewer": "ff868347-aa48-40ef-ae38-6fd396870093",
    "value": "up",
    "content": "A promising blockchain solution!"
  }
},
{
  "model": "projects.review",
  "pk": "f5a6b7c8-7b72-487e-ae16-3d7e5d6a8d1f",
  "fields": {
    "created": "2024-09-05T13:00:00Z",
    "project": "d6f4e5c7-bf02-49de-8430-6fe5b3495b47",
    "reviewer": "81c78843-dc4d-4728-8ff3-a8307613252e",
    "value": "up",
    "content": "Incredible insights from data."
  }
}
]
